用户昵称,性别,评论内容,被回复用户,评论层级,用户当前等级,点赞数量,回复时间
高效战争,保密,努力半天以后终于出来了看起来还算正常的一面房子的墙[笑哭],,一级评论,5,625,2024-11-06 00:23:53
蓝鱼哟,保密,大半夜玩这个游戏吓晕了,,一级评论,5,81,2024-11-06 03:49:32
若零没有默柏,保密,玩了一会，最大的问题是没记忆功能，你不动它也会自己慢慢变化，说明只是基于上一帧渲染的，其次才是糊和操作延迟，只能说未来可期，现在只能当最初的ai画图那样看抽象乐子,,一级评论,6,1607,2024-11-05 21:54:28
维東在此-_-,保密,不要用工作台，退出不了了😭,,一级评论,3,77,2024-11-05 23:28:20
时过净迁,男,目前来看ai生成游戏就是没有长时记忆，所以说一旦转个视角就会大变换，而且没法理解文字和数字,,一级评论,6,2029,2024-11-05 21:19:30
bili_357133424,保密,你能在电脑得了健忘症的情况下通关mc吗？,,一级评论,5,94,2024-11-08 19:42:03
JoltzS1X,女,在其他视频评论区里见到有人说，玩了较长时间这个ai版的mc之后，出现了现实解体的情况，即在现实中也会认为视角转动后，看到的东西变成新的，整个人都是恍惚的，缓一缓之后就正常了，大家想玩的话稍微注意些，虽然我没遇到这种情况[tv_可爱],,一级评论,6,1145,2024-11-05 21:25:24
莫得地位的女装子酱,保密,大家注意一下，这个玩了对精神上有一点影响，玩完之后在现实里面会感觉很不舒服，不知道什么原因,,一级评论,5,175,2024-11-06 06:30:34
真的可以起三十个字的名字么,男,简单看了眼技术报告博客，首先吐槽一下Oasis这个名字，在GitHub扔块砖头能砸出五个相同名字不同领域的repo。简单来讲就是用mc游戏时候的指令和视频进行训练，然后在预测时同时给模型输入前几帧的画面和指令。你可以把这个指令看做其他视频模型续写的prompt，相当于都是继续生成但是这个模型不接受文字，所以你可以看到在稳定连贯的视频场景和不激烈的移动下视频续写效果很好，但是一旦指令过于激进就会像其他视频模型一样开始鬼畜。我觉得这个最大的贡献还是他们底层代码的工作，把视频生成的速度提升了好几个数量级,,一级评论,6,25,2024-11-06 15:37:32
路人じゃ,保密,这个3号早上用手机就玩了一会，直接就进去了（现在好像还要排队）打个游戏跟做梦似的，有逻辑但不完全有逻辑，移目换景的感觉[笑哭][笑哭]也是有生之年尝到了吃菌子的感觉[笑哭],,一级评论,5,2089,2024-11-05 21:19:48
QGR_B,保密,"首款实时ai生成游戏✘
ai首次对人类进行精神攻击✔
[doge_金箍]",,一级评论,6,1149,2024-11-05 21:41:40
啊啊-刮大风,保密,这个游戏我也玩了一会儿，最大的感受就是让我明白了这句话-----是非成败转头空，青山依旧在，几度夕阳红。[doge],,一级评论,6,96,2024-11-06 02:09:55
Zot1a,男,纯感性无理性的世界[笑哭],,一级评论,4,3,2024-11-05 21:41:13
传统表情,保密,[OK]未来陪你打游戏的可能都是AI，,,一级评论,6,46,2024-11-06 19:56:42
王西疯,男,AI都开始做梦了，离智能还会远吗？,,一级评论,6,7,2024-11-06 15:23:57
安粉大琳,男,岷叔，我明天期中考试，可以祝我考试顺利吗[doge_金箍],,一级评论,3,3,2024-11-06 23:25:12
霓虹星空,保密,感觉这个像：让ai生成图片，然后跟它说，请生成按前进键后1/60s的图像，或者生成鼠标左移后1/60s的图像,,一级评论,5,132,2024-11-05 22:41:50
W腾x云Y,保密,"最近看了很多类似的视频，感觉方向跑歪了，AI在游戏中最理想的应用应当是让其推理NPC的台词、动机和反应。这样可以更好的搞出一个栩栩如生的城镇环境。而且可以提前“烘焙”一套台本来减少消费级平台实际运行时的性能需求。
这个已经有人做了，是模拟一个银行劫案，里面所有人的反应是AI通过每个人的动机和特质生成的。所以无论怎么选择NPC做出的反应都会比较符合逻辑。里面银行柜台甚至会选择在有人抢劫的时候自己顺一点钱。
或者在给定的场景下让其帮忙生成特效之类的。以及AI反挂、AI对战匹配、AI陪玩。",,一级评论,6,4,2024-11-08 18:55:16
买置顶,男,拿远古截图给ai，然后回忆童年，妙哉,,一级评论,6,6,2024-11-08 03:05:11
赤红的弹丸,男,这个ai我的世界盖房子费老劲了[doge],,一级评论,6,222,2024-11-05 21:20:48
喵喵君梓,女,"没有记忆力没有逻辑没有常识的ai
高情商：未来可期",,一级评论,6,34,2024-11-07 15:35:38
NIhility_空空,男,"随便去github上拉一个图片生成项目去huggingface搞个开源模型自己本地推理，生成一张图片配置再好少说也要一两秒，我们熟知的ChatGPT哪怕只是文字推理也是在强大的GPU集群支持下才能有非常快的响应速度推理参数庞大的模型，本地跑ai游戏没什么实用性以及超高门槛，可以说是杀鸡用断头台，断头台还是钝的[脸红]
而且说说是上下文对应，但是只是根据上一帧推理下一帧，场景中的物品方块也没有作为实际存在的数据存在或者被转化成参数，只是根据图片产生的推理结果，所以一转头场景完全就变了，消费大量成本，可玩性不是很高，而且只能跑现有的花大量时间训练的游戏，如果想文字生成自定义游戏，少说得拿几百款游戏训练，到时候画面得混乱成啥样[笑哭]",,一级评论,6,286,2024-11-06 08:52:28
被隐匿的隙间老香蕉,男,建议大家少玩会，玩完了头疼[笑哭]大量似是非是的画面，操作比较慢带来的粘稠感能让你晕好久，我就断断续续玩了二十来分钟，离开屏幕头就特别疼，缓了一天才好,,一级评论,6,41,2024-11-06 01:22:44
惪意门生,男,i人兄弟们这玩意有精神攻击，切记不要去试图理解它，仅仅20分钟我就惨败了，精神异常亢奋+思维混乱+恶心反胃+思维模糊，切记切记[灵魂出窍]，惨痛的教训。,,一级评论,5,20,2024-11-07 20:05:40
pqkazm,男,没记错头号玩家的原著里玩家一号的游戏也叫绿洲，是一长串单词的缩写,,一级评论,6,374,2024-11-05 21:19:23
s96800395,男,这方向不太对吧？不是应该用AI在游戏里实际生成内容吗？这个是在生成画面，这感觉没必要[笑哭]我更想要村民能对话，AI在对话的过程中对未探索的世界作出调整，例如村民说附近有座神庙，AI就根据对话即时生成一座神庙之类。又或者反过来，村民能够对附近的地形有一定的了解，能告诉你附近有神庙、矿洞等等。更进一步，让AI控制NPC，玩家能邀请NPC同行，一起冒险。,,一级评论,6,259,2024-11-06 01:11:42
巨大狂飙一号,保密,现代人工智能使用的神经网络其实是对哺乳动物底层神经的仿生，但是像语言逻辑空间这种高级神经功能至今没能搞清楚，所以AI只能完成动物简单的神经功能，比如模糊识别、模式学习。事实上chagpt也是鹦鹉学舌，他说不出他没学习过的语句，也不理解语句的含义，有时就会睁眼说瞎话。,,一级评论,6,19,2024-11-06 14:08:36
幽痗,男,我也玩了会，这个里面是有生物的，但是极其诡异，远看是羊，走进就分裂成几只小狗，再走进就变成方块了,,一级评论,6,77,2024-11-05 23:00:47
一只爱吃瓜的轻空,保密,“我能在磕嗨了的情况下通关MC吗”,,一级评论,5,28,2024-11-06 12:13:57
咸鱼搁浅了,保密,"本地感觉其实有搞头，用ai调用游戏的东西，来实现游戏里实现东西，简单来说ai生成文字代码应该比这种纯硬造互动视频要轻松太多了，然后通过适配啥的让ai的文字代码能造成游戏改动就行了
比如ai幻想那边是森林，游戏识别到后那边区块就加载成森林，记忆也好整，就ai的区块分小点，然后更改次数固定",,一级评论,6,2,2024-11-06 16:02:39
有火花yy,男,玩这个游戏有一种吃了菌子的感觉，3d眩晕会很严重，而且稍微玩长一点，比如说八分九分钟，就会有严重的失实感，担心会产生后遗症,,一级评论,5,17,2024-11-05 22:03:41
Liyou酱,保密,这玩意甚至手机都能玩,,一级评论,6,16,2024-11-06 02:49:56
Chimp23333_,保密,刚刚去试了下，本来眼前是一片村庄的，我自己转了360度身子后直接变平原了[笑哭]难绷,,一级评论,2,148,2024-11-05 21:21:44
掏粪刚回来,保密,AI进化的太快了，1年前我们还在嘲笑AI画的4根手指,,一级评论,6,70,2024-11-05 23:49:17
诺小奇,男,"AI直接渲染画面我觉得就是噱头，基本没啥前途。AI可以类比人脑渲染画面的方式，这种方法原始而低效。比如你去让人脑想象一片叶子的下落轨迹，人脑只能想出个大概，根本无法准确描述出来。人脑根本就不擅长渲染精确画面。后来人类正是为了避免幻觉才发明了建模、演算这一整套工作流，使得画面具有强正则性，稳定性。有无数数学家物理学家辛辛苦苦总结出的物理公式不用，却回到了古代人类原始的凭直觉想象的方式，属于是开文明倒车了。而现在AI最被诟病的点之一，不正是不会总结物理公式吗？
再打个比方，假如有人宣称，数学运算可以直接用神经网络去做了，从而彻底颠覆计算器。那么你可以思考一下，人脑究竟擅不擅长算数，以及为什么要发明计算器，就能明白哪个才是原始的，哪个才是先进的了",,一级评论,6,9,2024-11-06 00:00:06
ゆうちゃん小尤Official,男,玩这个ai有种在做梦的感觉[doge]，在梦境中永远无法触及的现实和清醒梦的感觉,,一级评论,6,66,2024-11-05 21:22:56
Nukepayload2,男,算是个试做品吧，还算不上可玩。它不能记住已经生成的地图和你的物品栏，也不会持续生成游戏规则。也就是缺少很多关键结构。,,一级评论,6,109,2024-11-05 21:26:46
泮未央,保密,其实最感觉得到的一点就是它可以直接把现实里面拍个照片，自己理解理解就还原成建筑了，甚至接个脑机那种半透明电信号直接变。[笑哭]但是呢，有这种技术了还处于还原游戏里面的现实世界多少有点浪费算力了。,,一级评论,5,15,2024-11-05 21:35:46
-COMBINE-,男,玩久了想死……,,一级评论,5,4,2024-11-07 13:44:34
希止_,男,这个玩起来太逗啦，但是前途不敢想象,,一级评论,5,24,2024-11-05 21:33:07
籽岷,男,大家一起来和我学AI吧，玩游戏最开心了~[UPOWER_686127_开怀大笑],,一级评论,6,438,2024-11-05 21:55:12
有顶天空输,男,籽岷大大别玩久了 ，这个游戏有可能导致现实解体这种精神症状,,一级评论,6,4,2024-11-06 14:38:10
逍遥的泳知,男,在脸上放两个木板，抬头低头就可以刷房子,,一级评论,6,14,2024-11-06 00:28:42
洛光晨,男,可是反向推进制作模组，离开视线范围内世界会被重构，在这样的环境里进行通关MC[doge_金箍],,一级评论,6,5,2024-11-07 00:07:20
花花桑想睡觉,保密,看上去没有逻辑，但又没有什么破绽，本来两个方块，突然变成四个方块，还没有任何的违和感，ai有点东西的，真的和做梦一样，ai这东西要是发展起来，未来不可限量，但是就像大家说的，ai他不能去理解人类的思维方式，就像是没有记忆点一样,,一级评论,5,5,2024-11-05 23:51:20
-巴格斯bugs-,保密,没感觉出来它在这个游戏上有什么用，除非你要用一张图生成对应的地图建筑，但它也没有细节而且一动就碎。我能想到的场景无非是在努力可控的基础上生成无尽地图，但这不就是Minecraft现在就能做到的吗,,一级评论,6,3,2024-11-06 01:24:50
谭雅兰卡,保密,说实话，MC这种游戏搞“根据当前画面和玩家操作预测下一帧画面”的计算实在是太浪费算力了，与其说这破玩意是MC的未来，不如期待AI自动生成模组代码更现实点。,,一级评论,6,44,2024-11-05 22:47:16
decamore,男,把ai玩坏了,,一级评论,5,0,2024-11-10 11:50:39
-皇-子-,保密,进游戏看见装备栏有个木斧，眼前有颗树，等切到斧头时变成镐子了，然后想去砍树发现树变成石头了[灵魂出窍][灵魂出窍],,一级评论,2,5,2024-11-06 11:25:29
GaBoron,保密,这个玩久了部分人会感觉生理不适（即使退出游戏），谨慎游玩,,一级评论,5,21,2024-11-05 22:02:46
御坂13110,保密,我在此断言ai生成游戏画面没有任何实用性，纯纯用更多的算力获得更涝的体验[doge],,一级评论,5,4,2024-11-06 13:11:52
白水大烧饼QwQ,保密,绿洲......头号玩家？？？,,一级评论,6,59,2024-11-05 21:18:46
矢量白色,保密,单纯就是帧画面生成，核心还是图片生成那一套。游戏画面呈现是跑渲染管线那一套，这个充其量就跑了像素阶段一个阶段，离ai生成游戏甚至是ai渲染都还远了去了,,一级评论,6,3,2024-11-07 13:23:05
忆琳つ。,女,不太能理解这种ai的应用场景。就算他可以做成一个和mc本体一样流畅的模型，那和玩mc本身有什么区别呢？现在这个世界就完全是量子态，上下文关联不强逻辑混乱，有什么意义呢？有没有懂得解释一下,,一级评论,6,10,2024-11-06 02:22:27
-骞骞吖-,保密,记录一下  几年后看看会不会有什么别的进展,,一级评论,5,3,2024-11-06 23:34:32
落日染青山,保密,玩十分钟就让人很难顶了，现在关了后脑子里也一直存在转头物体就会变的认知,,一级评论,6,3,2024-11-06 01:50:07
移不走的猫,保密,即使为几十个中的一个等到凌晨的人，不直播的话也说一声，虽然等的人的时间不值钱，但好歹也是您的粉丝[妙啊],,一级评论,5,4,2024-11-06 21:35:18
格陵兰猫,保密,断更了[doge],,一级评论,5,6,2024-11-07 00:12:05
象征着快乐的男人,男,近几年ai发展越来越恐怖了,,一级评论,6,2,2024-11-06 04:06:50
我会被嘿嘿嘿,保密,真的跟梦一样，做梦用大脑算力来实现实时生成画面和剧情，但和这个不同的是，做梦还可以储存记忆，所以不会跟视频里一样过于离奇[笑哭],,一级评论,6,5,2024-11-06 12:13:22
绿柱石Berylite,男,官网那几个挑战非常非常难，二十多轮一次末地都没刷出来,,一级评论,6,45,2024-11-05 21:29:26
轻柠汽水,男,期待以后有那种可以根据提示词之类的设定来生成地形的mod，那可就新鲜了,,一级评论,6,2,2024-11-06 20:09:56
星小炎炎,男,给这个视频投完币我就是六级号了[UP_686127_石粒],,一级评论,6,3,2024-11-07 00:07:24
游侠曙星_安东卫,保密,"我前天在游戏里速通地狱了，发现这游戏有个bug，有时候眼前全黑会卡死
而且有时候会触发中毒，原理不明",,一级评论,6,32,2024-11-06 08:59:41
独孤龙舞,男,以后是不是就不需要游戏引擎了？搭好基础模型，让ai来渲染,,一级评论,6,3,2024-11-06 03:33:41
Op吃瓜群众,男,有意思，很有意思的一个点是这个ai因为是根据视角内的像素生成的视角那一帧的图片来继续计算，也就意味着你盯着近距离的一个方块看，上面的像素点会被识别成远景，比如盯着石头看下一秒再抬头就会发现你在石头山上，浅色的像素点会被识别成雪,,一级评论,6,6,2024-11-06 00:57:53
小李xiaolxl,男,还有一个ai生成的csgo，本地可以部署，不过我自己测试非常卡而且键盘无法使用。这次的这个ai我的世界，不仅是网页版，不需要显卡，而且操作很流畅。不过目前只是第一代，会出现很多一致性的问题。期待一手未来他们的更新。,,一级评论,6,13,2024-11-05 23:28:30
非洲来的阿当扣,男,AI人狂喜，其实现在ai agent的工作经常用mc来做实验的，毕竟是一个相对自由的世界，是非常适合做强化学习类的工作测试的，不过这个工作用自回归方式预测下一帧图片的想法还是很有趣的，除了个人觉得用扩散模型多少有点力大砖飞的意思，上下文关联不是很紧密可能也是因为用扩散的加噪去噪训练与游戏逻辑不大一致造成的吧[doge_金箍],,一级评论,6,2,2024-11-08 03:43:10
雀巢的逗逗,保密,今天刚背到这个单词，太巧了[给心心],,一级评论,5,2,2024-11-06 20:57:37
minecraft百晓生,男,MC下一个爆发点估计在脑机，目前指令造房（泛指一系列建筑）主要作用于填充，但是如果脑机成熟，即使新手。拥有充足的想象力就可以在短时间内造出大量精致建筑细节。AI对于传统MC的游玩我感觉可以加入AI玩家。像视频中这个AI直接仿制游戏……感觉短期内就图个新鲜，长期有什么影响说不准,,一级评论,5,16,2024-11-05 22:28:55
黑金芝士,男,I said maybe～[妙啊][妙啊],,一级评论,5,2,2024-11-06 21:58:34
神农芝士,保密,刚刚回顾完庄主的近况，第一次知道炎黄的事，再过来看看岷叔的视频，物是人非的感慨之后有了一种籽岷仍在的心安,,一级评论,3,3,2024-11-06 23:50:06
HANinMinecraft,保密,后一帧跟前一帧关联，但不保证跟再之前的一帧还有关联（,,一级评论,6,2,2024-11-06 21:52:21
小阿狼是也,男,[doge_金箍]你做梦玩我的世界Be Like,,一级评论,6,3,2024-11-05 21:28:37
圣人王阳明,男,突然想到了头号玩家,,一级评论,4,47,2024-11-05 21:20:36
Evening233,男,后室！！加入后室引入这个ai沉浸感会不会爆炸！！,,一级评论,5,4,2024-11-06 08:15:41
卫宫雪枫,保密,希望有生之年能玩到实时演算的冒险游戏[鼓掌],,一级评论,5,2,2024-11-06 17:21:33
efsdw,男,"这个东西最神奇的地方并不在于它玩起来怎么样，最重要的是：它和mc没有任何一点内在联系但却模拟出了mc。
这个东西里没有一行代码是mc里的代码，没有一行代码填写了mc里的机制，在它的内部没有哪怕一点对mc的任何操作/玩法/机制的直接写入，换句话说，它和mc没有任何哪怕一点点的内在关系，但它却能模拟出mc的一切玩法。
换句话说，mc对这个AI来说是黑箱的，AI没有用人类的一般方法总结出mc玩法的规律（例如按下1切换到第一个物品栏，按下w前进），同时它对事物的认知，也并不像人类的理性思维一样认识到游戏的本质和渲染的图像之间的关系和差异，例如正常玩游戏的实质是“做出操作-内部代码运算-渲染结果”，但这一AI的中间步骤和正常mc运行的中间步骤并没有任何关系。",,一级评论,5,4,2024-11-07 13:02:54
变成咸鱼的1212jg,保密,我的世界也算是前沿技术快速测试的典型游戏了,,一级评论,6,2,2024-11-05 22:43:49
at洛枫,保密,差一点进末地,,一级评论,5,1,2024-11-07 11:36:30
虚无之中的混沌,女,可不可以先设计一个极其通用并且适配ai的游戏引擎，然后再设计一个将游戏画面与视频素材转化为游戏引擎层面的训练数据的ai_1，用ai_1转化的数据再训练一个ai，这样应该很有前途。,,一级评论,5,3,2024-11-07 12:04:07
貌似发现了什么,女,RL第五集什么时候更新,,一级评论,5,2,2024-11-05 23:36:53
籽岷,男,Stable Diffusion，Midjourney和Flux 这些扩散模型的文生图的大模型也在不断地进步中，所以给Oasis等文/图生游戏的大模型一些耐心和期待吧~[UPOWER_686127_实力],,一级评论,6,29,2024-11-05 21:58:03
-龙曦-,男,现在这个ai游戏 可能就跟当时ai视频刚出来一样,,一级评论,5,2,2024-11-05 23:48:32
不擅长擅长的擅长同学,女,这个名字，和头号玩家里面哈利迪的那个绿洲名字一样。我好期待以后真的有一个游戏里面可以玩到所有的游戏，那样子一定很棒,,一级评论,6,2,2024-11-07 06:40:17
GDP-2,保密,结果发现这个网站只能挂梯子[尴尬],,一级评论,3,0,2024-11-10 12:47:29
梦见虚拟电子羊,保密,感觉并不是正确的方向。对游戏开发来说，直接生成游戏画面是不可控的，但游戏的乐趣往往来自人为的规则与设计。相比之下ai像pcg一样参与内容生成才是更靠谱的未来方向。,,一级评论,5,2,2024-11-08 00:49:46
白嫖公司董事长魅龙,男,太好了我可以让ai给我盖房子[doge_金箍],,一级评论,5,2,2024-11-05 21:27:01
CrMzh4,男,岷叔，今天生日是我自己一个人过的，能祝我一句生日快乐吗[难过],,一级评论,4,140,2024-11-05 21:19:05
唢七音清,保密,用这个做恐怖游戏是不是可玩性就大了[doge],,一级评论,6,2,2024-11-06 11:53:10
琥珀鸢尾,保密,"就这个视频里这点画面，我看到就已经有些不适了，因为我脑子里“过去”的部分失去了，这会使我头痛。
这种迷失感真的会使人不适，这不是晕3d那种图像处理部分过载的不适，而是有关记忆与判断处理的异常带来的大脑不适",,一级评论,6,2,2024-11-06 18:39:38
朽垂_,男,感觉以前14年看珉叔好老，再加上那会都珉叔珉叔喊，觉得是个大叔，现在怎么感觉这么年轻,,一级评论,5,2,2024-11-06 17:33:46
发癫的水杯,男,前排[星星眼],,一级评论,5,2,2024-11-05 21:18:27
墨鸢MOY,保密,[UPOWER_686127_开怀大笑],,一级评论,5,2,2024-11-05 21:22:52
第五人格冷门信仰策划,保密,来了[doge],,一级评论,5,2,2024-11-05 21:24:28
迷乐丝Meless,保密,未来的4399是吧，快进到在oasis上玩黑猴[大笑],,一级评论,6,5,2024-11-05 21:56:13
没睡醒的肉啊,保密,启发性是有的。不过抽奖机终究还是抽奖机，而且现在的记忆力很有限。MC中生物群系、地形等都是通过噪声得出的，如果能够在克服上下文长度限制，将如今的生成式AI像噪声一样使用，应该才会看到有意思的世界。,,一级评论,6,38,2024-11-05 21:27:45
整口橘子,保密,我和室友玩mc出了点问题不知道大伙能不能解答一下 我和我室友三个人玩mc局域网联机 我创建局域网他们搜索不到 但是他俩可以互相进 我也进不去他们 这是什么情况有大佬知道吗[大哭],,一级评论,5,27,2024-11-05 23:43:36
尺子ruler,男,完整的修仙游戏肯定要用到ai来完成随机事件,,一级评论,5,2,2024-11-06 00:00:48
o_o命令方块o_o,保密,有一种吃了菌子的美,,一级评论,5,2,2024-11-05 21:21:28
Dr_PHLY,保密,《震惊，考古2024年的AI游戏引擎雏形！20年前的第一代AI游戏引擎居然是这样的，Minecraft做梦版。》《虚幻AI引擎发布12.5.1，功能前瞻 --- 2044年11月4日科技简报》《英伟达AITX99080TI显卡发布，具备三古戈尔....,,一级评论,6,7,2024-11-05 22:26:43
不知名网友憨憨,保密,第一[doge],,一级评论,3,2,2024-11-05 21:17:33
閌_kang,男,来个量子计算机就能够AI梦境了[超天酱表情包_hso],,一级评论,5,2,2024-11-05 21:42:21
不知道应该叫啥QAQ,男,头号玩家以后会不会成真[tv_doge],,一级评论,5,2,2024-11-06 00:16:53
鬼才玩,保密,"告诉你们一个秘密，这是清醒梦训练器[doge]
利用一些规律让扩散模型生成你所想要的场景，原理和控制梦境非常相似",,一级评论,5,2,2024-11-06 08:36:15
傻鱼劈了你的瓜,男,处于量子叠加态的游戏[doge],,一级评论,3,1,2024-11-09 02:55:18
当个有理想的人,保密,AI生图的效率太低了，比如说4090可以跑4k120hz的大型游戏，相当于每秒生成120张4k图片，但是用SD生图的话一秒生12张4k图片都费劲,,一级评论,5,1,2024-11-09 03:12:27
日齐格飞,男,要断更了[星星眼],,一级评论,5,2,2024-11-06 23:55:37
9gb,男,那么类似《三体》那样的游戏是不是有希望[脱单doge],,一级评论,5,2,2024-11-06 01:35:37
Li_19950410,保密,晕车感强烈，认知错乱，有点难受,,一级评论,6,1,2024-11-07 20:48:07
Grey_Daydream,男,ai太非人了，看多了真心觉得是另一个世界的产物，和人缺乏良好的互动。,,一级评论,6,2,2024-11-06 01:44:10
不可以瑟瑟瑟,保密,为什么我的打开了没反应[笑哭],,一级评论,5,0,2024-11-06 19:57:27
叽叽I咕咕,保密,太酷炫了,,一级评论,6,1,2024-11-06 10:53:24
凰塵不是鳯塵,保密,离《头号玩家》又近了一步,,一级评论,5,1,2024-11-06 18:41:22
蔡凌浩,男,不错[星星眼],,一级评论,5,1,2024-11-06 10:10:00
ldg7999,保密,[哦呼],,一级评论,5,1,2024-11-08 09:30:54
鸡damn炒米饭,保密,怎么你们能进去，我进不去网站呢,,一级评论,6,1,2024-11-06 14:50:17
Blue_Beaker,男,我认为可以拿ai来生成地形，做个各种东西都揉在一起的梦境维度，一段时间内没有被看见过的区块会被丢弃，根据周围特征重新生成[doge],,一级评论,6,1,2024-11-09 10:50:53
星辰网昔,男,"安德的游戏？巨人？
科幻走进现实了",,一级评论,4,1,2024-11-06 19:37:06
炖鲲的渔人,保密,学校在教生成式人工智能，越学越感觉未来可期[脱单doge],,一级评论,5,2,2024-11-05 23:26:40
一条大河ovo,保密,玩久了容易得赛博精神病,,一级评论,6,2,2024-11-06 12:41:30
Cheese123098,男,试玩了，在一个山坡上只是看向天空又回到地平线，沧海桑田，真的很有意思oasis.decart.ai,,一级评论,5,1,2024-11-07 16:43:25
超级飞天石人双角怪,男,在“放置方块”、“做行动时的手部动画”这些内容上模仿的倒是“十分精准”……有点意思,,一级评论,6,9,2024-11-05 21:31:52
゚智慧蛊,保密,感觉和帧生成差不多，只不过这个是除了第一帧以外后面全是帧生成[大笑],,一级评论,6,1,2024-11-08 00:36:13
John一Brown,保密,这根本也没法玩啊。就等于是一个图片，他并没有游戏引擎，等于你现在看到的不是你看到的，只是一群相似的马赛克，根本也不可能通关,,一级评论,4,1,2024-11-08 18:28:03
成斌光辉闪耀,男,【科学中最重要最基本的原理定律-哔哩哔哩】 https://b23.tv/xoUyLo2,,一级评论,6,2,2024-11-05 21:28:19
My_Computer,保密,有这个ai的论文吗？,,一级评论,6,1,2024-11-06 00:53:58
不周火麟,男,有一种CN-2999的美感（bushi,,一级评论,6,1,2024-11-07 20:47:15
躺平才是真谛,保密,这是ai在游戏领域发展的开始，目前做到ai生成游戏环境，那么到未来能否做到ai生成游戏玩法甚至所有的游戏内容都能ai生成，换句话说就是你只要输入一句话或者一张图，比如说我要扮演孙悟空打奥特曼，然后ai生成所有内容。简单来说就是你能定制你想要的游戏。在游戏中你想干什么就干什么，希望未来出现真正的头号玩家中的绿洲。,,一级评论,5,1,2024-11-07 17:06:26
Rem_baobao,保密,和做梦一样 毫无逻辑,,一级评论,6,1,2024-11-06 03:13:47
HS一冬冬,男,量子态的MC，一秒不看，下一秒就变成另一个样子了[笑哭]，生成的也不算完全没逻辑吧，也不知道是不是巧合，有次生成了一个水边长了一堆甘蔗的场景，但是这些甘蔗全都是长在水边，没有出现没挨着水的方块上长甘蔗的情况,,一级评论,5,1,2024-11-06 18:33:59
Li_19950410,保密,玩的想吐,,一级评论,6,1,2024-11-07 20:48:47
我是侯子,保密,史蒂夫的梦,,一级评论,5,1,2024-11-06 08:02:09
约瑟夫达瓦里氏,男,适合后室,,一级评论,5,1,2024-11-06 05:16:27
pdysdys,男,玩这游戏就跟看那“意大利面拌42号混凝土”的视频一样，久了会精神恍惚。,,一级评论,6,1,2024-11-07 13:41:48
XUinRZ,男,mc的技术性，开放性，真的很高，跟ai适配是最好的。高中同学在pku就搞了一篇论文，做的是根据mc中的视觉来选择手持工具的ai。,,一级评论,5,1,2024-11-06 05:27:51
御坂15622号,女,ai画面给人一种梦核的感觉,,一级评论,5,1,2024-11-06 02:07:30
爱玩动餐的依依喵,保密,0分钟前[doge_金箍],,一级评论,5,8,2024-11-05 21:18:27
紫鬼榊,男,岷叔来丶 节目效果啊  这个很有意思的ww,,一级评论,6,1,2024-11-05 23:12:59
Cheese123098,男,这个东西的原理很简单，你的照片被上传后AI会根据模型经验生成一个世界，在这个世界中，你的游戏行为上传到AI后也会根据经验模拟出你玩游戏的场景,,一级评论,5,1,2024-11-07 16:24:32
利姆露的泡泡茶壶,保密,这个如果玩的是VR版会怎么样？,,一级评论,6,1,2024-11-06 03:21:36
烈焰_FireGo,男,到我了，今天我生日，岷叔能祝我快乐嘛。[脱单doge],,一级评论,6,1,2024-11-05 21:28:14
绳斤小生姜,保密,哇，看起来很厉害的样子,,一级评论,5,1,2024-11-05 21:21:13
张圣来也,男,视角朝天上看，然后按空格键，就和创造模式往上飞的视角一样了,,一级评论,6,1,2024-11-06 03:21:22
爱这黑夜的彩虹,女,有点掉san。我见到个云山树林走过去，莫名其妙变成了黄金砖块，然后再往左走，发现是在高空的黄金砖块平台，再继续往前走，想掉下去，结果卡死了,,一级评论,6,1,2024-11-07 09:03:14
你需要蛇夫座的钥匙,男,不要啊，等不到了吗,,一级评论,6,1,2024-11-06 23:56:51
-蹄影-,男,各位小心，很多玩家在完了这个之后出现了现实撕裂的现象，请谨慎游玩,,一级评论,2,1,2024-11-06 21:34:18
zegore,保密,语无伦次,,一级评论,6,1,2024-11-06 01:46:41
不开心了就去吹吹晚风,保密,可以整一手用这玩意打通mc的挑战了[doge],,一级评论,5,1,2024-11-06 21:54:26
GYKIO,保密,greendays在哪[妙啊],,一级评论,6,1,2024-11-05 22:31:27
Cc_云彩,男,今天晚上播啥[脱单doge],,一级评论,5,1,2024-11-06 00:22:10
牢洁冷门信仰玩家,保密,建议配上梦核の小曲，特别带劲（mc版梦核）[doge],,一级评论,4,1,2024-11-06 12:43:22
小成桑,保密,觉得这种蛮恐怖的[哦呼],,一级评论,6,1,2024-11-07 01:19:21
头布头,保密,未来会不会弄到vr里面,,一级评论,4,4,2024-11-05 21:19:55
Fop_ist,女,don't look back in anger,,一级评论,5,1,2024-11-06 01:14:24
bili_official,女,要使用AI制作游戏 首先这款游戏要被制作出来让AI学习 在这个逻辑问题下面bug都是小问题,,一级评论,6,1,2024-11-06 18:00:16
黎中科全价报必,男,还是那句话，发展潜力很大,,一级评论,4,1,2024-11-06 23:13:26
新新叶喵,保密,这个可以做到4k,,一级评论,6,1,2024-11-05 22:05:44
恶龙咆哮嗷呜呜丶,保密,几天不见 这粉丝涨到 400 多万了啊 吓人啊Σ(ﾟдﾟ;),,一级评论,4,1,2024-11-06 12:41:44
轻井泽z,男,挑战这个通关mc[吃瓜],,一级评论,4,1,2024-11-05 21:49:37
EdWIN1021,保密,神经网络，特别是大型深度学习模型，在计算和存储方面对硬件资源的需求非常高。训练和推理过程都需要高性能的GPU、大量的内存，以及低延迟的数据传输，这通常超出了消费级硬件的能力。相比之下，3A游戏的开发需要考虑市场上广泛的硬件环境，以确保最大可能的用户覆盖度。这意味着游戏设计要兼顾较低的硬件配置，不能一味依赖高端设备。,,一级评论,4,1,2024-11-07 04:22:28
成斌光辉闪耀,男,【科学中最重要最基本的原理定律-哔哩哔哩】 https://b23.tv/xoUyLo2,,一级评论,6,1,2024-11-06 01:29:45
Slick-Bg,男,因为一直都是由上一帧推下一帧，所以记忆很有限，会移步换景,,一级评论,5,1,2024-11-05 21:39:26
希茵今天还在河里,保密,"玩了半小时没感觉什么现实解体。我知道我认知的世界是怎样的，也能区别出来AI认知的世界是怎样的。最基本的就是保持对房间内大件物品方位的记忆。
这AI是看到什么就尝试给它进行扩写和补充，所以这里面转头的话，看不到的东西AI是不会记住的，只会不断在视野内尝试生成规则内合理的图像。",,一级评论,6,1,2024-11-06 14:02:52
萨尔_下,保密,在梦中就是艰难操作完成什么一转眼没了,,一级评论,6,1,2024-11-05 23:13:34
敦艮之吉以厚终也,保密,其实强调ai还有个原因 麻酱越来越拉了 想继续维持就得靠外界发力,,一级评论,5,1,2024-11-06 08:41:57
Murray_墨离,女,在平原大老远看到一堆木板，走过去是一大堆橡木木板，然后走过了一扭头木板没了，低了一个头再抬起来自己又在森林里了🤪,,一级评论,6,1,2024-11-05 22:34:44
梦魔FumiX,保密,我希望未来游戏不会是这个样子的,,一级评论,6,1,2024-11-06 00:56:12
win小邵,男,看多了感觉受到了模因污染,,一级评论,6,1,2024-11-06 07:51:31
粉红小麻,男,意义不大，如果探索过的场景不能保存，那这就不是一款游戏，只能算是身历其境的电影,,一级评论,6,1,2024-11-05 21:54:41
28822481,保密,前排[星星眼],,一级评论,2,1,2024-11-05 21:18:55
丹尼尔DN,保密,也就是说像天骐的MCgta系列真的有机会实现,,一级评论,5,1,2024-11-06 16:32:06
卡芮Zachary,保密,我在想如果利用这个技术，我们完全可以建一面比较华丽的墙，然后让ai算出一整栋建筑[doge],,一级评论,6,2,2024-11-06 07:26:33
咸鱼蛇皮,保密,喜欢做梦一样感觉的人可以玩[doge],,一级评论,5,2,2024-11-05 21:32:03
梦仔很甜,保密,刚刚试了一下玩了一会除了犯恶心没有出现现实瓦解的感觉[笑哭],,一级评论,6,1,2024-11-06 02:08:28
大饼制造者,男,前排,,一级评论,5,1,2024-11-05 21:17:47
冰洲石_Calcite,男,我看好多人都说这个玩多了会脑子受影响，我玩好几次了都没事，总不能说是因为我玩过星际拓荒，所以对这种“扭头后场景会变”有抗性了吧[笑哭],,一级评论,5,1,2024-11-06 01:09:45
小小小砂呀,保密,玩了这个总是会转头试图切换房间💀,,一级评论,5,1,2024-11-06 10:43:30
猫落落落,保密,我还记得岷叔当时在 我要去太空 挖凋零头的时候谈的ai  0.o,,一级评论,4,1,2024-11-06 12:47:19
叶新本尊,男,[呲牙][呲牙]@酷酷小番鼠,,一级评论,5,1,2024-11-05 21:17:34
辞缘浅白,男,生成式ai和游戏的关联相关的话题我第一个想到的是刀剑神域,,一级评论,6,1,2024-11-06 22:22:37
史蒂猫StevenCat,男,好早，已经玩过了,,一级评论,5,1,2024-11-05 21:23:27
彩蝶舞夏,男,技术突飞猛进，距离“可用”还有一段距离，未来可期。,,一级评论,6,1,2024-11-05 22:13:04
首长大人异色眼,保密,岷叔有考虑做科普类的古生物模组吗？,,一级评论,6,1,2024-11-06 23:11:08
CCCPPKNGDR,保密,生物AI[OK][打call][笑][星星眼],,一级评论,5,1,2024-11-05 21:37:19
落雨-Raining,男,这个东西我看网上有人玩后出现了不适感，大家玩的时间不要太长,,一级评论,5,1,2024-11-05 22:10:28
DaVinci-2nd,男,已经做成无缝转场了：https://b23.tv/wCWVVL7,,一级评论,6,1,2024-11-05 21:33:02
留兰香最帅,保密,"看过一些视频
感觉这个AI生成的 让我明白了什么叫做“不可名状”[doge]",,一级评论,5,1,2024-11-05 22:19:02
kono赤冰da,保密,好烫好烫[doge],,一级评论,5,1,2024-11-05 21:17:52
睿叔叔阿姨今天活了吗,保密,昨天玩了二十多分钟，一边排队一边歇歇缓头晕[笑哭],,一级评论,6,1,2024-11-05 21:22:20
Clouddyyyyyy,男,早[星星眼],,一级评论,5,2,2024-11-05 21:17:58
裂空wujs,男,(｀・ω・´),,一级评论,6,0,2024-11-09 19:50:04
远ins,女,@次元萝莉姬,,一级评论,5,0,2024-11-09 23:17:12
原瑞典著名大厨兼DJ,男,岷叔怎么成danking了[惊讶],,一级评论,5,1,2024-11-06 01:04:30
圣David,男,逝过了，墓前一切凉好,,一级评论,5,0,2024-11-10 11:56:58
滑稽鹅,男,@一个十的点,,一级评论,5,0,2024-11-08 21:22:08
白墨cookie,保密,玩着玩着电脑死机了[藏狐],,一级评论,5,0,2024-11-06 15:16:23
獵人的夢境,保密,为什么有种感觉，头号玩家的世界快来了？,,一级评论,5,0,2024-11-09 05:12:38
甏甏糶糶,保密,@零下五度穿短裤,,一级评论,5,0,2024-11-08 19:12:37
Carlise_,保密,https://oasis.decart.ai/starting-point网址,,一级评论,6,1,2024-11-06 00:05:14
藤和智子Official,保密,[雫るる_盯],,一级评论,6,0,2024-11-06 17:43:28
位移方式,男,能不能还原珍妮模组[妙啊],,一级评论,6,0,2024-11-06 12:33:26
穷胡闭门三叉,保密,和做梦差不多,,一级评论,3,0,2024-11-09 17:49:10
2vio1et,保密,这个画质和功能 感觉会是模糊梦核类视频图片生产器,,一级评论,6,1,2024-11-06 02:38:28
丨小建灬丨,保密,什么时候会出现ai陪玩呢,,一级评论,6,0,2024-11-06 12:31:51
YovDream,保密,梦核?,,一级评论,6,0,2024-11-06 19:12:20
我爱山巅,保密,可操作的视频,,一级评论,5,0,2024-11-06 11:52:47
端木枫棠Maple,保密,这个……未来可能把mc的通关进程变成类似探索随时变化的迷宫那种动态吗，比如固定重生点及周围区块不动，其他地图随时变化,,一级评论,5,1,2024-11-05 21:50:30
A-E-卡尔莱特,保密,现在的问题还是记忆力的问题吧，最起码要做到生成确实的环境，而不是像视频里那样一转头东西不见了[笑哭],,一级评论,6,0,2024-11-09 15:08:59
咸鱼厂厂长-,保密,玩的很害怕！,,一级评论,6,0,2024-11-08 00:27:51
Neon-Chen,男,谁知道以后会是什么样呢,,一级评论,6,0,2024-11-06 08:48:00
TD-tudou,男,@BILL和,,一级评论,5,0,2024-11-06 11:16:59
_ATHENA_OvO_,女,@AI视频总结小助理,,一级评论,5,0,2024-11-05 22:31:14
战斗机驾驶证,保密,意识流mc,,一级评论,6,0,2024-11-06 13:22:23
修鞋匠,保密,阿兹海默模拟器[思考],,一级评论,6,0,2024-11-05 23:21:58
Dasketret,保密,我们不缺世界，而缺少一个你,,一级评论,5,0,2024-11-07 14:36:01
如行云水流一般,保密,相当于ai做的梦,,一级评论,5,0,2024-11-07 13:04:52
破诶哦,男,头号玩家,,一级评论,5,0,2024-11-08 18:31:58
72728282,保密,肯定不是第一個,,一级评论,3,0,2024-11-06 16:24:42
霓虹星空,保密,"【【科技联播 11 | 真人播报】川普“现身”《我的世界》，AI 模拟美国大选 | 史上最大质数诞生，位数超 4100 万】https://www.bilibili.com/video/BV1KJDdYKE9p?vd_source=9d2fdc779f92c3d2078296b08f89c34a

这个是不是岷叔所想的？",,一级评论,5,0,2024-11-08 23:17:04
゚゚゚゚゚゚芙宁娜,保密,哦啊西斯!哟西哟西哟西,,一级评论,6,0,2024-11-07 19:35:33
泮未央,保密,那些每个画面都有种玩远古版本多少记不清楚的感觉,,一级评论,5,0,2024-11-05 21:36:37
唐-胡安,保密,今天会更新rl吗,,一级评论,6,1,2024-11-05 22:53:03
黑栎凌云official,男,玩着像盗梦空间,,一级评论,6,0,2024-11-06 14:22:51
大泉-麻衣,保密,头号玩家,,一级评论,6,0,2024-11-06 13:03:15
晓山绘,女,这么强,,一级评论,4,0,2024-11-07 15:01:17
゚゚派蒙,保密,能不能造末地门地狱门呢[doge_金箍],,一级评论,5,1,2024-11-06 00:36:16
风辰幽洛,男,绿洲，什么头号玩家,,一级评论,6,0,2024-11-05 22:25:46
ㄹㅁㄱㄱ,男,wc,,一级评论,6,0,2024-11-08 16:10:08
失去光芒的理想,保密,我的世界（吃了菌子版）[tv_doge],,一级评论,5,1,2024-11-05 21:32:19
半吊风筝,保密,@HoverFz,,一级评论,5,0,2024-11-06 00:43:24
喜宝ECJ,男,玩不了，别信,,一级评论,4,0,2024-11-06 08:25:02
ENWALS,保密,我嘞个头号玩家,,一级评论,5,0,2024-11-06 12:55:18
甲丶斗王,男,真希望有一天，我能去听籽岷讲课,,一级评论,4,0,2024-11-09 23:25:06
-安乐冈花火o,保密,我了个心素啊,,一级评论,6,0,2024-11-06 12:29:48
無理丶取鬧,男,今天有rlc吗,,一级评论,6,0,2024-11-05 23:12:31
手抓饼√,男,就跟去云南吃了蘑菇一样,,一级评论,6,0,2024-11-07 12:00:42
恶言德突,男,挑战速通ai生成mc🏃‍♂️,,一级评论,5,0,2024-11-05 22:39:14
波江Eridanuse,男,https://b23.tv/BV19Q4y1c7Uf 那看来这个视频早已经领先时代了[doge],,一级评论,5,0,2024-11-08 12:56:45
尼科尔-Nichole,男,头号玩家？,,一级评论,6,0,2024-11-06 00:26:47
你说永力我说恩,保密,头好痒啊！,,一级评论,4,0,2024-11-05 21:20:14
芳染其人,保密,检测⬛️⬛️模因污染⬛️⬛️跑⬛️⬛️,,一级评论,6,0,2024-11-06 14:15:44
時子SatakeTokiko,保密,doom是毁灭战士啦,,一级评论,6,0,2024-11-07 17:12:53
Seele123123,男,我玩了半个小时头疼死了,,一级评论,6,0,2024-11-06 10:03:02
雀渔散,男,哇哦,,一级评论,5,0,2024-11-07 10:49:42
゚゙゙牧濑红莉栖,保密,[保卫萝卜_哇],,一级评论,6,0,2024-11-05 21:48:04
酸美式与涩浓缩,男,"致幻了我超
个人对唯物动摇最有感觉的一次
这成了缸中之脑的软件也大差不差了
玩下来感觉比吸冰还爽，浑身有蚂蚁在爬
嘻嘻嘻",,一级评论,6,0,2024-11-06 18:22:50
夏福先森,男,直接生成交互式视频游戏可用性还是太低了，和游戏引擎结合生成引擎内数据可靠一点,,一级评论,6,0,2024-11-08 17:19:36
名改-币无,男,我的世界云南版,,一级评论,5,0,2024-11-05 21:30:47
北冥清城,保密,断更辣,,一级评论,5,0,2024-11-07 12:29:11
blizzard_TF,保密,打开合成界面自动合成物品,,一级评论,3,0,2024-11-09 15:18:04
高月千歌,男,前排,,一级评论,5,0,2024-11-05 21:18:15
无言君i,保密,不要玩长了，真的会影响现实,,一级评论,6,0,2024-11-06 15:17:45
昽Origin,男,有生之年第一次对MC晕3D,,一级评论,5,0,2024-11-06 17:31:16
ATSK照星,保密,断更了？,,一级评论,6,0,2024-11-07 08:51:31
AKbecabr,男,amd 7900xt玩着挺卡的,,一级评论,6,0,2024-11-05 22:39:11
o_o命令方块o_o,保密,网址：oasis.decart.ai,,一级评论,5,3,2024-11-05 21:21:40
蓝屏中_,女,我觉得你可以把自己做成ai了,,一级评论,5,0,2024-11-09 22:15:28
゚゙゚゙゚刻晴,女,真·移步换景,,一级评论,5,0,2024-11-05 22:53:49
AKbecabr,男,amd 7900xt玩着挺卡的,,一级评论,6,0,2024-11-05 22:39:11
Omn1trix,保密,头号玩家,,一级评论,5,0,2024-11-05 21:38:57
鷇廋讷,男,想法不错，就是头发容易掉,,一级评论,5,0,2024-11-06 19:42:40
指引无生了性玄,男,恐怖,,一级评论,5,0,2024-11-07 21:39:51
一只凌狐啊,女,27分钟前,,一级评论,3,0,2024-11-05 21:44:44
zr澍,保密,断更惹,,一级评论,5,0,2024-11-07 10:29:10
小小-开心果,保密,oasis.decart.ai,,一级评论,5,0,2024-11-06 22:02:48
老坛冰红茶Icetea,男,这个名字是在致敬头号玩家？,,一级评论,5,0,2024-11-07 09:30:57
瓶盖PING,保密,毕加索应该试玩下这个[脱单doge],,一级评论,6,0,2024-11-05 23:10:36
呆萌大白鲨,男,来了,,一级评论,5,0,2024-11-05 21:21:00
钟爱我的世界呀,保密,岷叔,,一级评论,4,0,2024-11-05 21:53:01
西游again,保密,有意思，大海变成了天空，有种刚玩mc的感觉,,一级评论,4,0,2024-11-09 23:13:40
霓虹星空,保密,我感觉有个方法可以改善这个ai，不生成方形画面，而是生成全景照片（360°可看的照片），最后再截成方形。,,一级评论,5,0,2024-11-06 15:20:46
JUST_AME,男,请问大伙们，这个视频是直播时候玩的吗，感觉岷叔好像在和谁互动,,一级评论,6,1,2024-11-05 21:29:11
NoelLiamBrother,女,noel liam,,一级评论,6,0,2024-11-07 13:16:15
来来来来吧吧吧吧,保密,[UP_686127_石粒],,一级评论,5,0,2024-11-05 21:24:41
百合Ghost,保密,头号玩家也有个绿洲来着,,一级评论,5,0,2024-11-05 23:19:02
放生的小鱼,保密,今天没有直播和视频了吗？,,一级评论,5,0,2024-11-05 22:55:52
老拾银,保密,[歪嘴]之前试过了 像恰了红伞伞之后再玩MC的感觉,,一级评论,5,0,2024-11-07 15:09:33
呃了散人,男,莫名感觉有点恐怖,,一级评论,3,0,2024-11-05 23:12:13
不可视珠玉,保密,毁灭公爵？毁灭战士?,,一级评论,6,0,2024-11-05 21:38:35
墨水4号A,男,梦境模拟器,,一级评论,6,0,2024-11-05 23:09:30
注册商,保密,这玩意连个靠谱内存都没有。。扭头村庄变平原,,一级评论,6,0,2024-11-05 22:11:29
落雨朝阳,男,不好意思打扰珉叔了，麻烦兄弟们看看我的号，出号，英雄联盟和无畏契约连体号[傲娇],,一级评论,5,0,2024-11-05 21:23:13
Mongoliaの上單,男,@我问你这苹果甜吗我去头号玩家,,一级评论,5,0,2024-11-06 11:58:49
一到晚上就饿的发癫,保密,三体出游戏了[doge],,一级评论,5,0,2024-11-06 14:57:56
泥暗之魔女,保密,用ai搞个类似地球online的随机性,,一级评论,5,0,2024-11-07 17:24:38
可爱小风风_,保密,[可妮koni_可妮哈喵],,一级评论,6,0,2024-11-06 09:05:16
青墨浅曦,男,类似之前谷歌GameNGen的实际应用？,,一级评论,6,0,2024-11-07 14:16:30
纸志不是憨憨,男,第一,,一级评论,4,0,2024-11-05 21:57:47
一只KY的喵子,保密,@老黑煞 绿洲,,一级评论,5,0,2024-11-06 01:23:27
我的世界官方服务器,保密,[吃瓜],,一级评论,5,0,2024-11-05 22:56:37
゚゚゚後藤ひとり,男,"玩久了回到现实都觉得眼前的物体会突然变化.........
后劲有点大[微笑]",,一级评论,6,0,2024-11-05 21:24:44
Avcoado,男,可以同时训练呀，100万小时是同时累积起来的，如果一台AI训练720小时，那么只需要1389个AI来一起训练，一个月就有100万小时了,,一级评论,6,1,2024-11-05 23:37:37
红鲤鱼与绿鲤鱼与驴い,保密,今天什么时候播,,一级评论,6,0,2024-11-05 23:27:08
真的可以起三十个字的名字么,男,简单看了眼技术报告博客，首先吐槽一下Oasis这个名字，在GitHub扔块砖头能砸出五个相同名字不同领域的repo。简单来讲就是用mc游戏时候的指令和视频进行训练，然后在预测时同时给模型输入前几帧的画面和指令。你可以把这个指令看做其他视频模型续写的prompt，相当于都是继续生成但是这个模型不接受文字，所以你可以看到在稳定连贯的视频场景和不激烈的移动下视频续写效果很好，但是一旦指令过于激进就会像其他视频模型一样开始鬼畜。我觉得这个最大的贡献还是他们底层代码的工作，把视频生成的速度提升了好几个数量级,,一级评论,6,0,2024-11-06 21:01:17
bili_93284905822,保密,我当时试玩了一下，玩不明白，最后放弃了,,一级评论,5,0,2024-11-06 19:39:09
飞伏神,男,玩着头晕😵‍💫,,一级评论,6,0,2024-11-05 23:45:09
陈舒明,保密,啊,,一级评论,6,0,2024-11-05 21:19:12
不听勾栏许七安丶,保密,看完了！前排,,一级评论,6,0,2024-11-05 21:23:03
林家萌康娜,男,玩过了，和做梦一样[笑哭],,一级评论,6,0,2024-11-05 21:25:58
六级的冥火大大,男,做梦一样,,一级评论,6,0,2024-11-05 21:53:12
kent_081,男,早,,一级评论,3,0,2024-11-05 21:19:12
反思自己在家,保密,卡,,一级评论,4,0,2024-11-09 12:09:03
極栜,男,在脑子里玩mc be like：,,一级评论,5,0,2024-11-06 00:33:52
流星lmlx,男,昨天就体验过了，头晕画质低还卡,,一级评论,5,0,2024-11-07 18:00:28
6不奥,保密,来了,,一级评论,3,0,2024-11-05 21:18:36
紫诺zinuo_,女,吃菌子了[喜极而泣],,一级评论,6,0,2024-11-05 23:25:23
叹上无熄,男,我感觉可以根据这个ai来研究一下人的梦境，因为这个ai生成的世界和我做梦的感觉真的非常非常像[笑哭],,一级评论,5,0,2024-11-05 23:53:25
伱还信队友,保密,啥时候直播呀,,一级评论,5,0,2024-11-05 23:41:42
7Realm,男,不算是游戏，但很有意思,,一级评论,6,0,2024-11-06 21:46:30
ALPMC,保密,三分钟前[doge],,一级评论,3,0,2024-11-05 21:20:07
燃烧的真吾,男,求一个模组就是会把武器赋予各种各样的品质和额外属性，比如燃烧什么的，并且武器打怪不会损坏。而是获得经验升级。,,一级评论,5,0,2024-11-07 08:55:07
嘻屹666,男,打卡[脱单doge],,一级评论,5,0,2024-11-05 21:47:29
JY蛋黄堡,保密,看大家说玩了之后会有头晕的现象，还好我电脑配置不行，根本玩不了,,一级评论,5,0,2024-11-06 09:11:28
叼块桃,保密,玩了一分钟分辨率太低了，一低头给我弄到高空去了,,一级评论,5,0,2024-11-07 08:51:23
Stevedog史蒂汪,男,"子铭，你的ai内容上到我们的教育平台了,说白了差不多就是整个电脑课的人都看到你在那里上课。",,一级评论,2,0,2024-11-06 19:46:28
珝之珝,保密,在现场[黑眼圈_金箍][黑眼圈_金箍],,一级评论,5,0,2024-11-06 00:17:33
肖浩的家长,保密,以前小学的时候 看的籽岷我的世界生存篇 [滑稽],,一级评论,4,0,2024-11-06 21:32:22
bili_57036952,男,[雪未来_等一等],,一级评论,5,0,2024-11-06 01:00:04
默竹琢行,男,我的世界梦核,,一级评论,5,0,2024-11-06 10:18:53
我在等长装你在等什么,保密,头号玩家[哦呼],,一级评论,3,0,2024-11-07 03:09:12
芙芙芙芙宁娜大人,保密,现在可是AI最弱的时候[doge],,一级评论,5,0,2024-11-06 00:53:49
Joester_,保密,i said maybe～,,一级评论,6,0,2024-11-06 08:54:35
小尼米1936A-z23,保密,这是奸奇的水晶迷宫,,一级评论,6,0,2024-11-06 00:03:10
是光啊L,保密,今天直播吗？,,一级评论,5,0,2024-11-05 23:16:25
氨基_乙酸,女,赛博云南菌子,,一级评论,6,0,2024-11-06 22:25:50
黑银BlackSilver,保密,卧槽不是吧,,一级评论,6,0,2024-11-06 14:41:37
hup233,男,个人认为，如果结合一定的存档文件混入ai，只是把ai当作从文件到图像的一个过程，但说实话，到现在能玩的游戏还是有很大差距的,,一级评论,5,0,2024-11-09 18:40:09
卖脑壳的超征,男,现在就是从上下文理解变成了上下帧理解，最大的硬伤还是没有记忆，目前也只是做到增加上下文的可读取上限，但还远远达不到形成记忆的程度，不知道有生之年能不能看见数字生命的出现,,一级评论,6,0,2024-11-06 21:29:25
white___55开,男,想看岷叔在大学演讲的录像[打call],,一级评论,5,0,2024-11-09 10:04:45
手摇式绿内鬼,保密,索拉里墓穴的感觉,,一级评论,4,0,2024-11-05 21:33:09
小枫游戏的解说,男,前排 [doge],,一级评论,3,0,2024-11-05 21:19:00
老爸全知道,男,玩久了头晕[笑哭],,一级评论,6,0,2024-11-05 22:12:15
Q真角大古,男,[doge],,一级评论,6,0,2024-11-05 21:18:31
Sou_veDelalune,保密,看不出来很多的技术性啊，就像是把ai生成的深度图连贯成视频一样了，很少计算游戏本身的代码,,一级评论,5,0,2024-11-07 14:45:00
Minecraft浩然吖,女,oasis.decart.ai,,一级评论,3,0,2024-11-06 06:43:21
黑色闹钟ORG,男,100w小时等于114年，这是一个经过数百万小时训练的游戏引擎？,,一级评论,5,0,2024-11-06 16:03:23
何葭运,保密,nb,,一级评论,5,0,2024-11-05 21:17:40
爱次老冰棍,男,第一[doge],,一级评论,5,0,2024-11-05 21:17:40
不会打游戏的菜比,保密,今天还直播吗[星星眼],,一级评论,5,0,2024-11-05 21:30:04
路文飞轩,保密,沙发[doge],,一级评论,5,0,2024-11-05 21:18:22
A8Z0RB,男,和图像生成ai区别很大的吧，主要体现在逻辑和交互上，只是说所谓ai记忆力不强的特点导致了这玩意看上去就像是简单的图片生成,,一级评论,6,0,2024-11-07 17:58:40
pyridine_,女,吃菌子模拟器，玩了几轮晕一晚上了，感觉是一款未来的赛博冰,,一级评论,6,0,2024-11-06 11:48:03
dan_TDM,保密,从2d转3d ，真的很有意思,,一级评论,5,0,2024-11-05 21:35:15
噜啦啦军,男,天啊，再过几年ai会咋样我都不敢想,,一级评论,6,0,2024-11-06 19:10:08
夜色輕影,男,吃不到菌子 那就模擬吃菌子玩遊戲,,一级评论,4,0,2024-11-06 21:55:51
大家都叫我wanwan的弟弟,保密,纹身游戏,,一级评论,2,0,2024-11-06 22:37:09
公共关系级净水器,保密,感觉可以结合刚出的ai识别提取3d动作,,一级评论,5,0,2024-11-05 21:34:12
北冥鹏灬,男,可以用来玩末日生存吗[星星眼],,一级评论,6,0,2024-11-05 21:20:40
一头柠檬茶,保密,无人深空？,,一级评论,2,0,2024-11-06 22:00:57
吧时,保密,来啦[doge],,一级评论,6,0,2024-11-05 21:18:01
煌_N南,男,原理就是在脑海里想象自己在玩我的世界[汤圆][汤圆],,一级评论,6,0,2024-11-06 06:05:39
兴业不熬夜,保密,如果不是纯生成，而是作为一个模块在游戏里可调用感觉还可以，比如成为一种技能改变当前世界之类，让我想起道诡异仙,,一级评论,5,0,2024-11-06 15:00:01
DADOUB1,保密,这是怎么实现的，生成新图很好理解，怎么从图变成可交互的呢,,一级评论,5,0,2024-11-06 15:13:29
提捷永恒,男,第一次玩mc玩晕了，和吃菌子一样,,一级评论,5,0,2024-11-05 21:26:42
鴻臚問鼎天闕登雲,保密,没有过去的游戏吗？那我玩什么？[喜极而泣]走吗观花吗,,一级评论,6,0,2024-11-06 06:52:09
小米相册-编辑,保密,无PS痕迹的转场[doge_金箍],,一级评论,2,0,2024-11-06 13:03:35
KatzenyaSax,男,看来是无记忆的，只能响应当前输入,,一级评论,6,0,2024-11-05 23:13:20
BAlyU3,女,跟我喝完酒看手机一个感觉。,,一级评论,6,0,2024-11-05 21:39:07
宫井西痕,保密,ai已经在潜移默化地影响游戏产业了，就比如现在几乎每一家游戏公司都有ai绘画的角色，小程序游戏和二游的开发成本也在不断降低，相信十年以后就可以用ai手动生成游戏玩[笑哭],,一级评论,6,0,2024-11-07 02:13:10
微微安子,男,这个是真的牛啊,,一级评论,6,0,2024-11-05 21:47:16
凛结丶Access,保密,岷叔又在做AI[脱单doge]，不停的看,,一级评论,5,0,2024-11-06 14:02:19
没粽,女,看的我很难受，头晕晕的,,一级评论,6,0,2024-11-05 21:25:04
___Cling,男,岷叔能看看安徽大学吗[大哭],,一级评论,5,0,2024-11-06 00:17:21
小小潮ahh,保密,0分钟前,,一级评论,2,0,2024-11-05 21:18:39
伍肆冇得几多钱,保密,[UP_686127_石粒]石粒,,一级评论,5,0,2024-11-05 21:18:57
海绵昌昌,男,防三体人利器[妙啊],,一级评论,6,0,2024-11-06 08:55:37
这不是我的锅,男,这个工作感觉更像是扩散模型的落地应用到游戏，但是感觉意义不大啊，更像是秀肌肉的工作，因为本身diffusion生成的结果的不稳定性都太强了，同时生成出来的东西如果是纯依赖于图像的话，他的数值之类的肯定是不能用的，会更像是一个套了游戏画面的空壳。,,一级评论,6,0,2024-11-07 16:45:23
DleamsBlur,保密,这个跟真正生成游戏内容是两回事吧？,,一级评论,5,0,2024-11-06 01:43:41
无色的茶叶,保密,类似于拉特兰的计算机？[思考],,一级评论,5,0,2024-11-05 21:21:45
怀风ei,保密,今晚更新第四集吗,,一级评论,6,0,2024-11-06 00:13:39
Minecraft浩然吖,女,发现今天期中考试[笑哭],,一级评论,3,0,2024-11-06 06:44:28
南书不想输,男,10个,,一级评论,4,0,2024-11-05 21:18:01
REALZN,男,真的出视频了[doge_金箍],,一级评论,6,0,2024-11-06 21:42:28
伪善大能,保密,好奇一点，它能支持多少人同时在线？,,一级评论,2,0,2024-11-06 12:13:53
小黑教授_,男,为什么我玩这个网站的时候卡的要死？不仅仅是简单的掉帧，很容易突然卡死个十来二十秒,,一级评论,5,0,2024-11-06 22:35:35
越海来之渔歌,保密,其实就是算力不够没法记忆那么多的特征点,,一级评论,5,0,2024-11-05 21:31:29
Hookey_-,保密,岷叔为什么断更了一天[大哭][大哭][大哭],,一级评论,6,0,2024-11-07 04:16:37
compurter123,男,昨天体验了下，玩起来相当魔幻，看到的场景一晃头就会坍缩成其他场景，这种ai努力维持稳定的感觉真的相当奇妙,,一级评论,6,0,2024-11-05 21:22:57
神罚天赐,保密,这个玩多了会各种不适的，各位玩一会记得离开屏幕[笑哭],,一级评论,5,0,2024-11-05 21:23:22
微胖李小杨,男,刚玩完回来，很梦幻,,一级评论,4,0,2024-11-05 21:18:39
谔的不行喵,保密,这个可以做无缝专场，很棒的,,一级评论,5,0,2024-11-06 08:50:54
浪烬天涯2333,保密,我之前还提议让ai顶替玩家玩游戏来迷惑队友，这下好了，整个世界都是假的了[笑哭],,一级评论,6,0,2024-11-06 10:37:06
RIGTACH,保密,之前的ai生成场景模型能不能改成实时的？是不是会比aimc模型更稳定？[蹲蹲],,一级评论,6,0,2024-11-06 13:12:26
晨云_XZ,男,玩完头很晕,,一级评论,5,0,2024-11-05 21:42:39
来世还爱纸片人,保密,[doge_金箍],,一级评论,5,0,2024-11-05 21:17:35
唐泯灭,男,[星星眼]像做梦这一点感觉很棒啊,,一级评论,5,0,2024-11-05 21:22:32
フジツボ,保密,第一眼以为是摇滚hhh,,一级评论,6,0,2024-11-07 10:48:19
我の名之,保密,很强,,一级评论,5,0,2024-11-05 21:28:19
CbtkLIX,男,不可名状物 玩的头晕,,一级评论,6,0,2024-11-06 00:43:58
遮遮不聋,男,我想到了一个点子：AI + JIT mod：使用ai即时生成mod内容并自动编译，免重启给正在运行的游戏插入/移除mod，监听玩家给ai的指令并执行,,一级评论,5,0,2024-11-05 23:08:39
沉芝若菱,男,三ai大作指日可待[doge],,一级评论,5,0,2024-11-05 21:21:53
神主_Nitrox,保密,[doge],,一级评论,5,0,2024-11-05 21:18:07
Touch_night,男,这个ai模型是开源的，籽岷可以用神机本地部署看看。现在原repo还没有实时游玩功能，但是在一个pr里有人实现了，clone他的fork，再安装windows sdk，然后再在环境里安装适配Windows的triton，运行python game.py就可以玩了,,一级评论,5,0,2024-11-06 23:33:52
青鹤谷稞,男,这个玩意一旦走到纯色或黑色环境下它就推不出下一个是什么了，然后就无限黑屏[笑哭],,一级评论,5,0,2024-11-05 23:13:49
俺是bbbb,保密,把这个整成主世界睡着以后进入这个世界[笑哭],,一级评论,5,0,2024-11-06 06:18:49
渡鸦67891011,保密,来了来了[doge],,一级评论,6,0,2024-11-05 21:17:47
cosiner,保密,薛定谔的MC,,一级评论,6,0,2024-11-06 09:53:26
海拉鲁之剑,保密,未来的dlss4,,一级评论,6,0,2024-11-06 00:15:08
蓓尔丽丝,保密,暂时还是比较sus，过阵子再看看。,,一级评论,4,0,2024-11-05 21:39:48
我是羊羊君_咩,男,刚刚!,,一级评论,6,0,2024-11-05 21:17:57
名可有,保密,[吃瓜],,一级评论,3,0,2024-11-05 21:18:10
世界观测枢,男,丸辣，断更辣,,一级评论,6,0,2024-11-07 00:03:49
不good不bad,保密,为什么不来山东建筑大学[微笑],,一级评论,4,0,2024-11-06 00:36:49
鱼鱼保镖,保密,[doge],,一级评论,3,0,2024-11-05 21:17:46
゚゙暖风轻抚,保密,我以为是之前那个绿洲VR[doge_金箍],,一级评论,5,0,2024-11-06 00:18:03
超级肘击捣蛋大王,男,我从来不晕3d，但玩这个是真头晕，精神也很恍惚,,一级评论,6,0,2024-11-06 16:44:51
鸢一折纸へ,男,试了一下，ai确实厉害，但是像玩是有点难度的，我弄了半天都不能打开工作台，好不容易盖了半面墙一瞬间全没了,,一级评论,5,0,2024-11-06 12:48:47
普通的金妹控,男,刚刚[星星眼],,一级评论,4,0,2024-11-05 21:18:07
路文飞轩,保密,Ciallo![吃瓜],,一级评论,5,0,2024-11-05 21:18:50
㔶繫,保密,晚上有嘛[星星眼][星星眼][星星眼][星星眼][星星眼],,一级评论,6,2,2024-11-05 21:17:45
史蒂夫的粘液球,男,个人拙见，端对端的生成模型说个话可以力大砖飞，可以说的很好，但是生成视频，生成合理的物理规律的视频，永远没戏，这样就是sora一直不发的原因，效果不行,,一级评论,6,0,2024-11-06 23:57:07
芳乃追随者,保密,头号玩家（雾）,,一级评论,5,0,2024-11-05 21:18:26
一位路过的五星好市民,保密,之前就有AI生成的doom，不是吗？,,一级评论,2,0,2024-11-06 06:32:23
御坂2187,男,能不能无中生有？,,一级评论,6,0,2024-11-06 09:30:02
gumol_mc,男,前排,,一级评论,4,0,2024-11-05 21:18:28
诩辰ovo,男,有人知道岷叔在哪直播通常啥时候直播啊,,一级评论,5,1,2024-11-05 22:35:47
musi摸鱼中,保密,让我想起来梦境模拟器,,一级评论,5,0,2024-11-05 21:19:57
HS一冬冬,男,ht删tps://oa删sis.d删ec删art.a删i/wel删co删me,,一级评论,5,0,2024-11-06 18:29:29
゚小早川美幸,保密,前排！,,一级评论,6,0,2024-11-05 21:18:06
FrostyForest,保密,没什么卵用,,一级评论,6,0,2024-11-07 19:24:47
豹猫BUB,男,不会是XQC玩的那个吧？,,一级评论,5,0,2024-11-05 23:51:11
骑凤仙人owo,男,这玩意玩起来和噩梦一样[笑哭],,一级评论,6,0,2024-11-06 08:07:48
Breash_king,保密,头号玩家里面的绿洲[鼓掌][鼓掌],,一级评论,5,0,2024-11-05 21:18:54
伯格林Bergling,男,感觉像是吃了毒蘑菇后看到的画面,,一级评论,6,0,2024-11-06 00:13:56
比豆七八化,保密,这还得了,,一级评论,6,0,2024-11-05 21:29:48
SilenceCheems,保密,感觉这个玩法可以拓展成，我建一个类似形状的物体，比如下界传送门，，然后通过晃视角来模糊让它识别出一个真的传送门出来[吃瓜],,一级评论,5,0,2024-11-05 23:01:34
Sz桑梓_,男,前排[星星眼],,一级评论,5,0,2024-11-05 21:18:19
就你小子叫UP主,男,现在知道外网上的ai我的世界怎么来的了[笑哭],,一级评论,5,0,2024-11-05 22:26:21
LG30,保密,一秒一个样，严重影响方向感，而且画面和操作对应不上，随之而来的就是头痛，晕的很,,一级评论,6,0,2024-11-05 22:31:39
e陈十一,保密,今天直播吗？,,一级评论,4,0,2024-11-05 22:46:22
虹汐,男,今天凌晨三点刚准备睡觉就开播了[笑哭]阴间时间，只能当ASMR听着睡觉了[doge],,一级评论,5,0,2024-11-05 22:35:59
Technoblale,男,刚刚,,一级评论,3,0,2024-11-05 21:18:30
好想吃披萨啊啊啊,保密,这么快[星星眼],,一级评论,6,0,2024-11-05 21:17:55
C-XST-COM,保密,这是什么鬼，我打开连接，电脑直接崩溃了，全部重启，重新开机后我的各种账户都说无法同步了,,一级评论,5,0,2024-11-07 10:08:30
想昵称有一点点难,保密,错过直播了[笑哭],,一级评论,5,0,2024-11-05 21:18:01
咕噜噜Panda,保密,用一张图片可以生成一个可玩游戏，我突然有一个大胆的想法~,,一级评论,6,1,2024-11-07 13:43:22
邻家橙猫猫,保密,最烂的游戏，都抢着发视频，说白了，你玩呗，这个网站和迷你世界，我甚至都会毫不犹豫的选迷你世界，玩起来游戏体验为0，环境一直变，身上物品也变，玩起来很乱，而且还限时五分钟,,一级评论,6,0,2024-11-06 00:34:58
Leapant不在线,男,这游戏让我想起之前看过的恐怖短文《观测者》，“观测者离开了房间，装着猫的箱子里，完美的叠加态重新显现。”,,一级评论,6,64,2024-11-05 21:30:34
sjsj_yee,保密,模因污染,,一级评论,5,0,2024-11-06 12:30:53
艾蓮丶乔,女,@籽岷 不去当老师屈才了。这英语,,一级评论,3,11,2024-11-05 22:49:10
一只小蓝莓SANS666,男,[幻想乡的日常 第1弹_给心],,一级评论,5,1,2024-11-06 17:41:45
小林_喵喵,保密,一直往下走就会一直往下走（为什么我的这么糊）,,一级评论,5,0,2024-11-06 16:16:51
Jsbea,保密,1,,一级评论,6,0,2024-11-05 22:31:37
吃了面包,保密,什么鬼，怎么2天没播了,,一级评论,5,0,2024-11-07 07:13:51
